Date,Added,Unnamed: 2,Removed,Unnamed: 4,Reason,Date_converted
,Ticker,Security,Ticker,Security,,
"December 23, 2024",APO,Apollo Global Management,QRVO,Qorvo,Market capitalization change.[4],2024-12-23
"December 23, 2024",WDAY,"Workday, Inc.",AMTM,Amentum,Market capitalization change.[4],2024-12-23
"December 23, 2024",LII,Lennox International,CTLT,Catalent,Novo Holdings A/S acquired Catalent.[5],2024-12-23
"November 26, 2024",TPL,Texas Pacific Land Corporation,MRO,Marathon Oil,S&P 500 & 100 constituent ConocoPhillips acquired Marathon Oil.[6],2024-11-26
"October 1, 2024",,,BBWI,"Bath & Body Works, Inc.",Market capitalization change.[7],2024-10-01
"September 30, 2024",AMTM,Amentum,,,"S&P 500 constituent Jacobs Solutions spun off its Critical Mission Solutions and Cyber Intelligence business, which merged with private Amentum to create newly publicly traded Amentum Holdings.[7]",2024-09-30
"September 23, 2024",PLTR,Palantir Technologies,AAL,American Airlines Group,Market capitalization change.[8],2024-09-23
"September 23, 2024",DELL,Dell Technologies,ETSY,Etsy,Market capitalization change.[8],2024-09-23
"September 23, 2024",ERIE,Erie Indemnity,BIO,Bio-Rad Laboratories,Market capitalization change.[8],2024-09-23
"June 24, 2024",KKR,KKR,RHI,Robert Half,Market capitalization change.[9],2024-06-24
"June 24, 2024",CRWD,CrowdStrike,CMA,Comerica,Market capitalization change.[9],2024-06-24
"June 24, 2024",GDDY,GoDaddy,ILMN,"Illumina, Inc.",Market capitalization change.[9],2024-06-24
"May 8, 2024",VST,Vistra,PXD,Pioneer Natural Resources,S&P 500 and S&P 100 constituent ExxonMobil acquired Pioneer Natural Resources.[10],2024-05-08
"April 3, 2024",,,XRAY,Dentsply Sirona,Market capitalization change.[11],2024-04-03
"April 3, 2024",,,VFC,VF Corporation,Market capitalization change.[11],2024-04-03
"April 2, 2024",GEV,GE Vernova,,,S&P 500 and 100 constituent General Electric Corp. spun off GE Vernova.[11],2024-04-02
"April 1, 2024",SOLV,Solventum,,,S&P 500 and 100 constituent 3M Co. spun off Solventum.[11],2024-04-01
"March 18, 2024",SMCI,Supermicro,WHR,Whirlpool Corporation,Market capitalization change.[12],2024-03-18
"March 18, 2024",DECK,Deckers Brands,ZION,Zions Bancorporation,Market capitalization change.[12],2024-03-18
"December 18, 2023",UBER,Uber,SEE,Sealed Air,Market capitalization change.[13],2023-12-18
"December 18, 2023",JBL,Jabil,ALK,Alaska Air Group,Market capitalization change.[13],2023-12-18
"December 18, 2023",BLDR,Builders FirstSource,SEDG,SolarEdge,Market capitalization change.[13],2023-12-18
"October 18, 2023",HUBB,Hubbell,OGN,Organon & Co.,Market capitalization change.[14],2023-10-18
"October 18, 2023",LULU,Lululemon Athletica,ATVI,Activision Blizzard,S&P 500 and S&P 100 constituent Microsoft acquired Activision Blizzard.[14],2023-10-18
"October 3, 2023",,,DXC,DXC Technology,Market capitalization change.[15],2023-10-03
"October 2, 2023",VLTO,Veralto,,,S&P 500 and S&P 100 constituent Danaher Corporation spun off Veralto.[15],2023-10-02
"September 18, 2023",BX,Blackstone,LNC,Lincoln National Corporation,Market capitalization change.[16],2023-09-18
"September 18, 2023",ABNB,Airbnb,NWL,Newell Brands,Market capitalization change.[16],2023-09-18
"August 25, 2023",KVUE,Kenvue,AAP,Advance Auto Parts,S&P 500 and S&P 100 constituent Johnson & Johnson offered to exchange the shares of Kenvue held for shares of Johnson & Johnson in a split-off exchange offer.[17],2023-08-25
"June 20, 2023",PANW,Palo Alto Networks,DISH,Dish Network,Market capitalization change.[18],2023-06-20
"May 4, 2023",AXON,Axon Enterprise,FRC,First Republic Bank,The Federal Deposit Insurance Corporation (FDIC) placed First Republic Bank into FDIC Receivership.[19],2023-05-04
"March 20, 2023",FICO,Fair Isaac,LUMN,Lumen Technologies,Market capitalization change.[20],2023-03-20
"March 15, 2023",BG,Bunge Global,SBNY,Signature Bank,The FDIC placed Signature Bank into FDIC Receivership.[21],2023-03-15
"March 15, 2023",PODD,Insulet,SIVB,SVB Financial Group,"The FDIC placed SVB's main subsidiary, Silicon Valley Bank, into receivership.[22]",2023-03-15
"January 5, 2023",,,VNO,Vornado Realty Trust,Market capitalization change.[23],2023-01-05
"January 4, 2023",GEHC,GE HealthCare,,,S&P 500 constituent General Electric spun off GE HealthCare.[24],2023-01-04
"December 22, 2022",STLD,Steel Dynamics,ABMD,Abiomed,S&P 500 constituent Johnson & Johnson acquired Abiomed.[25],2022-12-22
"December 19, 2022",FSLR,First Solar,FBHS,Fortune Brands Home & Security,Market capitalization change.[26],2022-12-19
"December 19, 2022",,,MBC,MasterBrand,Market capitalization change.[26],2022-12-19
"December 15, 2022",MBC,MasterBrand,,,S&P 500 constituent Fortune Brands Home & Security spun off MasterBrand.[26],2022-12-15
"November 1, 2022",ACGL,Arch Capital Group,TWTR,Twitter,Elon Musk acquired Twitter.[27],2022-11-01
"October 12, 2022",TRGP,Targa Resources,NLSN,Nielsen Holdings,Elliot Management Corp acquired Nielsen Holdings.[28],2022-10-12
"October 3, 2022",PCG,PG&E,CTXS,Citrix Systems,Vista Equity Partners acquired Citrix Systems.[29],2022-10-03
"October 3, 2022",EQT,EQT Corporation,DRE,Duke Realty,S&P 500 constituent Prologis Inc. acquired Duke Realty.[29],2022-10-03
"September 19, 2022",CSGP,CoStar Group,PVH,PVH,Market capitalization change.[30],2022-09-19
"September 19, 2022",INVH,Invitation Homes,PENN,Penn Entertainment,Market capitalization change.[30],2022-09-19
"June 21, 2022",,,UA,Under Armour (Class C),Market capitalization change.[31],2022-06-21
"June 21, 2022",KDP,Keurig Dr Pepper,UAA,Under Armour (Class A),Market capitalization change.[31],2022-06-21
"June 21, 2022",ON,ON Semiconductor,IPGP,IPG Photonics,Market capitalization change.[31],2022-06-21
"June 8, 2022",VICI,Vici Properties,CERN,Cerner,S&P 500 constituent Oracle Corp. acquired Cerner.[31],2022-06-08
"April 4, 2022",CPT,Camden Property Trust,PBCT,People's United Financial,S&P 500 constituent M&T Bank Corp. acquired People's United Financial.[32],2022-04-04
"March 2, 2022",MOH,Molina Healthcare,INFO,IHS Markit,S&P 500 constituent S&P Global Inc. acquired IHS Markit.[33],2022-03-02
"February 15, 2022",NDSN,Nordson Corporation,XLNX,Xilinx,S&P 500 constituent Advanced Micro Devices acquired Xilinx.[34],2022-02-15
"February 3, 2022",,,GPS,Gap,Market capitalization change.[35],2022-02-03
"February 2, 2022",CEG,Constellation Energy,,,S&P 500 and 100 constituent Exelon Corp. spun off Constellation Energy.[35],2022-02-02
"December 20, 2021",SBNY,Signature Bank,LEG,Leggett & Platt,Market capitalization change.[36],2021-12-20
"December 20, 2021",SEDG,SolarEdge,HBI,Hanesbrands,Market capitalization change.[36],2021-12-20
"December 20, 2021",FDS,FactSet,WU,Western Union,Market capitalization change.[36],2021-12-20
"December 14, 2021",EPAM,EPAM Systems,KSU,Kansas City Southern,Canadian Pacific acquired Kansas City Southern.[37],2021-12-14
"September 20, 2021",MTCH,Match Group,PRGO,Perrigo,Market capitalization change.[38],2021-09-20
"September 20, 2021",CDAY,Ceridian,UNM,Unum,Market capitalization change.[38],2021-09-20
"September 20, 2021",BRO,Brown & Brown,NOV,Nov,Market capitalization change.[38],2021-09-20
"August 30, 2021",TECH,Bio-Techne,MXIM,Maxim Integrated,S&P 500 constituent Analog Devices acquired Maxim Integrated Products.[39],2021-08-30
"July 21, 2021",MRNA,Moderna,ALXN,Alexion Pharmaceuticals,AstraZeneca acquired Alexion Pharmaceuticals.[40],2021-07-21
"June 4, 2021",,,HFC,HollyFrontier,Market capitalization change.[41],2021-06-04
"June 3, 2021",OGN,Organon & Co.,,,S&P 500/100 constituent Merck & Co. spun off Organon.[41],2021-06-03
"May 14, 2021",CRL,Charles River Laboratories,FLIR,FLIR Systems,S&P 500 constituent Teledyne Technologies acquired FLIR Systems.[42],2021-05-14
"April 20, 2021",PTC,PTC,VAR,Varian Medical Systems,Siemens Healthineers acquired Varian Medical Systems.[43],2021-04-20
"March 22, 2021",NXPI,NXP,FLS,Flowserve,Market capitalization change.[44],2021-03-22
"March 22, 2021",PENN,Penn National Gaming,SLG,SL Green Realty,Market capitalization change.[44],2021-03-22
"March 22, 2021",GNRC,Generac Holdings,XRX,Xerox,Market capitalization change.[44],2021-03-22
"March 22, 2021",CZR,Caesars Entertainment,VNT,Vontier,Market capitalization change.[44],2021-03-22
"February 12, 2021",MPWR,Monolithic Power Systems,FTI,TechnipFMC,TechnipFMC was removed from the S&P 500 in anticipation of its announced spin-off of Technip Energies.[45],2021-02-12
"January 21, 2021",TRMB,Trimble,CXO,Concho Resources,S&P 500/100 constituent ConocoPhillips acquired Concho Resources.[46],2021-01-21
"January 7, 2021",ENPH,Enphase Energy,TIF,Tiffany & Co,LVMH Moet Hennessy-Louis Vuitton SE acquired Tiffany & Co.[47],2021-01-07
"December 21, 2020",TSLA,Tesla,AIV,Apartment Investment & Management,Apartment Investment and Management (Aimco) spun off Apartment Income REIT.[48],2020-12-21
"October 12, 2020",,,NBL,Noble Energy,Chevron acquired Noble Energy.[49],2020-10-12
"October 9, 2020",VNT,Vontier,,,S&P 500 constituent Fortive spun off Vontier.[49],2020-10-09
"October 7, 2020",POOL,Pool Corporation,ETFC,E-Trade,Morgan Stanley acquired E*Trade.[50],2020-10-07
"September 21, 2020",ETSY,Etsy,HRB,H&R Block,Market capitalization change.[51],2020-09-21
"September 21, 2020",TER,Teradyne,COTY,Coty,Market capitalization change.[51],2020-09-21
"September 21, 2020",CTLT,Catalent,KSS,Kohl's,Market capitalization change.[51],2020-09-21
"June 22, 2020",BIO,Bio-Rad Laboratories,ADS,Alliance Data Systems,Market capitalization change.[52],2020-06-22
"June 22, 2020",TDY,Teledyne,HOG,Harley-Davidson,Market capitalization change.[52],2020-06-22
"June 22, 2020",TYL,Tyler Technologies,JWN,Nordstrom,Market capitalization change.[52],2020-06-22
"May 22, 2020",WST,West Pharmaceutical Services,HP,Helmerich & Payne,Market capitalization change.[53],2020-05-22
"May 12, 2020",DPZ,Domino's Pizza,CPRI,Capri Holdings,Market capitalization change.[54],2020-05-12
"May 12, 2020",DXCM,Dexcom,AGN,Allergan,Allergan acquired by AbbVie.[54],2020-05-12
"April 6, 2020",,,M,Macy's,Market capitalization change.[55],2020-04-06
"April 6, 2020",,,RTN,Raytheon Company,United Technologies spun off Otis and Carrier and acquired Raytheon Company.[55],2020-04-06
"April 3, 2020",OTIS,Otis Worldwide,,,United Technologies spun off Otis and Carrier and acquired Raytheon Company.[55],2020-04-03
"April 3, 2020",CARR,Carrier,,,United Technologies spun off Otis and Carrier and acquired Raytheon Company.[55],2020-04-03
"April 1, 2020",HWM,Howmet Aerospace,ARNC,Arconic,Arconic separated into 2 companies - Howmet remained on the index.[56],2020-04-01
"March 2, 2020",IR,Ingersoll Rand,XEC,Cimarex Energy,"Gardner Denver acquired Ingersoll Rand's industrial businesses then changed its name to the ""new"" Ingersoll Rand Inc.[57][58]",2020-03-02
"January 28, 2020",PAYC,Paycom,WCG,WellCare,S&P 500 constituent Centene Corp. (NYSE: CNC) acquired Wellcare Health Plans.[59],2020-01-28
"December 23, 2019",LYV,Live Nation Entertainment,AMG,Affiliated Managers Group,Market capitalization change.[60],2019-12-23
"December 23, 2019",ZBRA,Zebra Technologies,TRIP,TripAdvisor,Market capitalization change.[60],2019-12-23
"December 23, 2019",STE,Steris,MAC,Macerich,Market capitalization change.[60],2019-12-23
"December 9, 2019",ODFL,Old Dominion Freight Line,STI,SunTrust Banks,BB&T acquired SunTrust to form Truist Financial.[61],2019-12-09
"December 5, 2019",WRB,W. R. Berkley Corporation,VIAB,Viacom,CBS acquired Viacom to form ViacomCBS.[62],2019-12-05
"November 21, 2019",NOW,ServiceNow,CELG,Celgene,Bristol-Myers Squibb (NYSE:BMY) acquired Celgene.[63],2019-11-21
"October 3, 2019",LVS,Las Vegas Sands,NKTR,Nektar Therapeutics,Market capitalization change.[64],2019-10-03
"September 26, 2019",NVR,NVR,JEF,Jefferies Financial Group,JEF spun off SPB.[65],2019-09-26
"September 23, 2019",CDW,CDW,TSS,TSYS,S&P 500 constituent Global Payments (NYSE: GPN) acquired TSS.[66],2019-09-23
"August 9, 2019",LDOS,Leidos,APC,Anadarko Petroleum,S&P 500 & 100 constituent Occidental Petroleum Corp. (NYSE:OXY) acquired Anadarko Petroleum.[67],2019-08-09
"August 9, 2019",IEX,IDEX Corporation,FL,Foot Locker,Market capitalization change.[67],2019-08-09
"July 15, 2019",TMUS,T-Mobile US,RHT,Red Hat,S&P 500 & 100 constituent IBM acquired Red Hat.[68],2019-07-15
"July 1, 2019",MKTX,MarketAxess,LLL,L3 Technologies,L3 purchased by Harris Corporation[69],2019-07-01
"June 11, 2019",AMCR,Amcor,BMS,Bemis,BMS changed to AMCR post merger with Amcor;[70] subsequently renamed to Amcor[71],2019-06-11
"June 7, 2019",BMS,Bemis,MAT,Mattel,Pending merger of Bemis and Amcor; Bemis treated as the surviving entity.[72],2019-06-07
"June 3, 2019",DD,DuPont,DWDP,DuPont,DWDP changed to DD after spinning off Corteva.[73],2019-06-03
"June 3, 2019",CTVA,Corteva,FLR,Fluor Corporation,CTVA spun off from DWDP (which then changed symbol to DD)[73],2019-06-03
"April 2, 2019",DOW,Dow,BHF,Brighthouse Financial,DOW spun off from DWDP[74],2019-04-02
"February 27, 2019",WAB,Wabtec,GT,The Goodyear Tire & Rubber Company,WAB acquired GE transportation business[75],2019-02-27
"February 15, 2019",ATO,Atmos Energy,NFX,Newfield Exploration,ECA acquired NFX[76],2019-02-15
"January 18, 2019",TFX,Teleflex,PCG,Pacific Gas & Electric Company,PCG filed for bankruptcy[77],2019-01-18
"January 2, 2019",FRC,First Republic Bank,SCG,SCANA,Dominion Energy acquired SCANA Corporation[78],2019-01-02
"December 24, 2018",CE,Celanese,ESRX,Express Scripts,S&P 500 constituent Cigna (NYSE: CI) acquired ESRX[79],2018-12-24
"December 3, 2018",LW,Lamb Weston,COL,Rockwell Collins,UTX acquired COL[80],2018-12-03
"December 3, 2018",MXIM,Maxim Integrated,AET,Aetna,CVS acquired Aetna[80],2018-12-03
"December 3, 2018",FANG,Diamondback Energy,SRCL,Stericycle,Market Capitalization change[80],2018-12-03
"November 13, 2018",JKHY,Jack Henry & Associates,EQT,EQT Corporation,EQT spun off ETRN[81],2018-11-13
"November 6, 2018",KEYS,Keysight,CA,CA Technologies,CA acquired by Broadcom.[82],2018-11-06
"October 11, 2018",FTNT,Fortinet,EVHC,Envision Healthcare,EVHC acquired by KKR.[83],2018-10-11
"October 1, 2018",ROL,Rollins,ANDV,Andeavor,ANDV acquired by Marathon Petroleum.[84],2018-10-01
"September 14, 2018",WCG,WellCare,XL,XL Group,XL acquired by AXA.[85],2018-09-14
"August 28, 2018",ANET,Arista Networks,GGP,GGP,GGP acquired by Brookfield Property Partners.[86],2018-08-28
"July 2, 2018",CPRT,Copart,DPS,Dr Pepper Snapple Group,DPS acquired by Keurig Green Mountain.[87],2018-07-02
"June 20, 2018",FLT,FleetCor Technologies,TWX,Time Warner,AT&T acquired Time Warner.[88],2018-06-20
"June 18, 2018",BR,Broadridge Financial Solutions,RRC,Range Resources,Market capitalization change.[89],2018-06-18
"June 18, 2018",HFC,HollyFrontier,AYI,Acuity Brands,Market capitalization change.[89],2018-06-18
"June 7, 2018",TWTR,Twitter,MON,Monsanto,Bayer acquired Monsanto.[90],2018-06-07
"June 5, 2018",EVRG,Evergy,NAVI,Navient,Westar Energy (NYSE: WR) acquired Great Plains Energy (NYSE: GXP) and changed name to Evergy.[91],2018-06-05
"May 31, 2018",ABMD,Abiomed,WYN,Wyndham Worldwide,Wyndham Worldwide spun off Wyndham Hotels & Resorts (NYSE:WH).[92],2018-05-31
"April 4, 2018",MSCI,MSCI,CSRA,CSRA,S&P 500 constituent General Dynamics (NYSE: GD) acquired CSRA.[93],2018-04-04
"March 19, 2018",TTWO,Take-Two Interactive,SIG,Signet Jewelers,Market capitalization change.[94],2018-03-19
"March 19, 2018",SIVB,SVB Financial Group,PDCO,Patterson Companies,Market capitalization change.[94],2018-03-19
"March 19, 2018",NKTR,Nektar Therapeutics,CHK,Chesapeake Energy,Market capitalization change.[94],2018-03-19
"March 7, 2018",IPGP,IPG Photonics,SNI,Scripps Networks Interactive,Discovery Communications acquired SNI.[95],2018-03-07
"January 3, 2018",HII,Huntington Ingalls Industries,BCR,CR Bard,Becton Dickinson acquired BCR.[96],2018-01-03
"October 13, 2017",NCLH,Norwegian Cruise Line Holdings,LVLT,Level 3 Communications,CenturyLink acquired LVLT.[97],2017-10-13
"September 18, 2017",CDNS,Cadence Design Systems,SPLS,Staples,Sycamore Partners acquired Staples.[98],2017-09-18
"September 1, 2017",DWDP,DuPont,DOW,Dow Chemical Company,The Dow Chemical Company renamed to DowDuPont Inc. and ticker changed from DOW to DWDP after acquiring DuPont.[99],2017-09-01
"September 1, 2017",SBAC,SBA Communications,DD,DuPont,The Dow Chemical Company acquired DuPont.[99],2017-09-01
"August 29, 2017",Q,QuintilesIMS,WFM,Whole Foods Market,Amazon acquired Whole Foods Market.[99],2017-08-29
"August 8, 2017",BHF,Brighthouse Financial,AN,AutoNation,"BHF replaced AN,[100] MET spun off BHF[100]",2017-08-08
"July 26, 2017",DRE,Duke Realty Corp,RIG,Transocean,Market capitalization change.[101],2017-07-26
"July 26, 2017",AOS,A. O. Smith,BBBY,Bed Bath & Beyond,Market capitalization change.[101],2017-07-26
"July 26, 2017",PKG,Packaging Corporation of America,MUR,Murphy Oil,Market capitalization change.[101],2017-07-26
"July 26, 2017",RMD,ResMed,MNK,Mallinckrodt,Market capitalization change.[101],2017-07-26
"July 26, 2017",MGM,MGM Resorts International,RAI,Reynolds American,British American Tobacco (NYSE MKT:BTI) acquired Reynolds American.[101],2017-07-26
"June 19, 2017",HLT,Hilton,YHOO,Yahoo!,VZ acquired YHOO operations; remainder of YHOO converted to closed-end company known as Altaba.[102],2017-06-19
"June 19, 2017",ALGN,Align Technology,TDC,Teradata,Market capitalization changes.[102],2017-06-19
"June 19, 2017",ANSS,Ansys,R,Ryder System,Market capitalization changes.[102],2017-06-19
"June 19, 2017",RE,Everest Re,MJN,Mead Johnson,Reckitt Benckiser acquired Mead Johnson Nutrition.[103],2017-06-19
"June 2, 2017",INFO,IHS Markit,TGNA,Tegna,TGNA spins off Cars.com[104],2017-06-02
"April 5, 2017",IT,Gartner,DNB,Dun & Bradstreet,IT acquiring CEB[105],2017-04-05
"April 4, 2017",DXC,DXC Technology,SWN,Southwestern Energy,"HPE spins off Everett, merged with CSC to form DXC[106][107]",2017-04-04
"March 20, 2017",AMD,Advanced Micro Devices,URBN,Urban Outfitters,Market capitalization change.[108],2017-03-20
"March 20, 2017",RJF,Raymond James Financial,FTR,Frontier Communications,Market capitalization change.[108],2017-03-20
"March 20, 2017",ARE,Alexandria Real Estate Equities,FSLR,First Solar,Market capitalization change.[108],2017-03-20
"March 16, 2017",SNPS,Synopsys,HAR,Harman International,Samsung Electronics acquired Harman International Industries.[109],2017-03-16
"March 13, 2017",DISH,Dish Network,LLTC,Linear Technology,S&P 500 constituent Analog Devices (NASD:ADI) acquired Linear Technology.[110],2017-03-13
"March 2, 2017",REG,Regency Centers,ENDP,Endo International,REG acquires EQY[111],2017-03-02
"March 1, 2017",CBOE,Cboe Holdings,PBI,Pitney Bowes,CBOE acquires BATS[111],2017-03-01
"February 28, 2017",INCY,Incyte,SE,Spectra Energy,SE acquired by ENB[111],2017-02-28
"January 5, 2017",IDXX,Idexx Laboratories,STJ,St Jude Medical,S&P 100 & 500 constituent Abbott Laboratories (NYSE:ABT) acquired St. Jude Medical.[112],2017-01-05
"December 19, 2016",AGN,Allergan,,,Allergan plc(NYSE:AGN) added to S&P 500 Value,2016-12-19
"December 2, 2016",MAA,Mid-America Apartments,OI,Owens-Illinois,Market capitalization change.[113],2016-12-02
"December 2, 2016",EVHC,Envision Healthcare,LM,Legg Mason,Market capitalization change.[113],2016-12-02
"November 1, 2016",ARNC,Arconic,AA,Alcoa,AA spins off ARNC,2016-11-01
"September 30, 2016",COTY,Coty,DO,Diamond Offshore Drilling,COTY replaces DO[114],2016-09-30
"September 22, 2016",COO,The Cooper Companies,HOT,Starwood,MAR acquires HOT[115],2016-09-22
"September 8, 2016",CHTR,Charter Communications,EMC,EMC Corporation,Dell acquires EMC[116],2016-09-08
"September 6, 2016",MTD,Mettler Toledo,TYC,Tyco International,TYC acquires JCI (and retains JCI ticker).[117],2016-09-06
"July 5, 2016",FTV,Fortive Corp,CPGX,Columbia Pipeline Group,CPGX acquired by TRP[118],2016-07-05
"July 1, 2016",LNT,Alliant Energy Corp,GAS,AGL Resources,GAS acquired by SO[119],2016-07-01
"July 1, 2016",ALB,Albemarle Corporation,TE,TECO Energy,TE acquired by EMA[118],2016-07-01
"June 22, 2016",FBHS,Fortune Brands Home & Security,CVC,Cablevision Systems,CVC acquired by Altice NV[120],2016-06-22
"June 3, 2016",TDG,TransDigm Group,BXLT,Baxalta,SHPG acquiring BXLT[121],2016-06-03
"May 31, 2016",AJG,Arthur J. Gallagher & Co.,CCE,Coca-Cola Enterprises,CCE merging with European bottlers[122],2016-05-31
"May 23, 2016",LKQ,LKQ Corporation,ARG,Airgas,ARG acquired by Air Liquide[123],2016-05-23
"May 18, 2016",DLR,Digital Realty,TWC,Time Warner Cable,TWC acquired by CHTR[124],2016-05-18
"May 13, 2016",ALK,Alaska Air Group,SNDK,SanDisk,SNDK acquired by WDC[125],2016-05-13
"May 3, 2016",AYI,Acuity Brands,ADT,ADT,ADT acquired by APO[126],2016-05-03
"April 25, 2016",GPN,Global Payments,GME,GameStop,Global Payments is acquiring Heartland Payment Systems[127],2016-04-25
"April 18, 2016",ULTA,Ulta Beauty,THC,Tenet Healthcare,Ulta replaces Tenet[128],2016-04-18
"April 8, 2016",UA,Under Armour (Class C),,,Under Armour distribution of second class of stock,2016-04-08
"April 4, 2016",FL,Foot Locker,CAM,Cameron International,Schlumberger acquired Cameron[129],2016-04-04
"March 30, 2016",HOLX,Hologic,POM,Pepco Holdings,Exelon acquired Pepco.[130],2016-03-30
"March 30, 2016",CNC,Centene Corporation,ESV,Ensco,Centene acquired Health Net.[130],2016-03-30
"March 7, 2016",UDR,UDR,GMCR,Keurig Green Mountain,JAB Holding Company acquired Keurig Green Mountain[131],2016-03-07
"March 4, 2016",AWK,American Water Works,CNX,Consol Energy,AWK replaces CNX[132],2016-03-04
"February 22, 2016",CXO,Concho Resources,PCL,Plum Creek Timber,PCL taken over by WY[133],2016-02-22
"February 1, 2016",CFG,Citizens,PCP,Precision Castparts Corporation,CFG replaces PCP[134],2016-02-01
"February 1, 2016",FRT,Federal Realty Investment Trust,BRCM,Broadcom Corporation,FRT replaces BRCM[135],2016-02-01
"January 19, 2016",EXR,Extra Space Storage,ACE,Chubb,"EXR replaces ACE as ACE Ltd acquires Chubb and retains the CB ticker, giving up ACE[136]",2016-01-19
"January 5, 2016",WLTW,Willis Towers Watson,FOSL,Fossil Group,WSH merges with TW (and renames to WLTW)[137],2016-01-05
"December 29, 2015",CHD,Church & Dwight,ALTR,Altera,ALTR taken over by INTC[138],2015-12-29
"December 15, 2015",,,CMCSK,Comcast K Corp,CMCSK shares no longer listed[139],2015-12-15
"December 1, 2015",CSRA,CSRA,CSC,Computer Sciences Corporation,CSC spins off CSRA[140],2015-12-01
"November 19, 2015",ILMN,Illumina,SIAL,Sigma-Aldrich,Sigma-Aldrich acquired by Merck KGaA (MKGAY)[141],2015-11-19
"November 18, 2015",SYF,Synchrony Financial,GNW,Genworth Financial,GE spinning off Synchrony Financial[142],2015-11-18
"November 2, 2015",HPE,Hewlett Packard Enterprise,HCBK,Hudson City Bancorp,HPQ spins off HPE[143],2015-11-02
"October 7, 2015",VRSK,Verisk Analytics,JOY,Joy Global,Market capitalization change.[144],2015-10-07
"September 18, 2015",CMCSK,Comcast Class K Special,,,Share class methodology change[145],2015-09-18
"September 18, 2015",FOX,Twenty-First Century Fox Class B,,,Share class methodology change,2015-09-18
"September 18, 2015",NWS,News Corporation Class B,,,Share class methodology change,2015-09-18
"September 2, 2015",UAL,United Continental Holdings,HSP,Hospira,Hospira taken over[146],2015-09-02
"August 28, 2015",ATVI,Activision Blizzard,PLL,Pall Corporation,Pall taken over[146],2015-08-28
"July 29, 2015",SIG,Signet Jewelers,DTV,DirecTV,DirecTV acquired by AT&T.[147],2015-07-29
"July 20, 2015",PYPL,PayPal,NE,Noble Corporation,PayPal Spun off by eBay[148],2015-07-20
"July 8, 2015",AAP,Advance Auto Parts,FDO,Family Dollar,Family Dollar acquired.[149],2015-07-08
"July 6, 2015",KHC,Kraft Heinz,KRFT,Kraft Foods,Kraft merger with Heinz.[150],2015-07-06
"July 2, 2015",CPGX,Columbia Pipeline Group,ATI,Allegheny Technologies,Spin off of Columbia Pipeline.[151],2015-07-02
"July 1, 2015",JBHT,J.B. Hunt,TEG,Integrys Energy Group,Integrys taken over.[152],2015-07-01
"July 1, 2015",BXLT,Baxalta,QEP,QEP Resources,Baxalta spun off by Baxter.[153],2015-07-01
"June 11, 2015",QRVO,Qorvo,LO,Lorillard Tobacco Company,Lorillard gets acquired.[154],2015-06-11
"April 7, 2015",O,Realty Income Corporation,WIN,Windstream Communications,Market capitalization change.[155],2015-04-07
"March 23, 2015",AAL,American Airlines Group,AGN,Allergan,Allergan acquired by Actavis (and changed name to Allergan).[156],2015-03-23
"March 23, 2015",EQIX,Equinix,DNR,Denbury Resources,Market Capitalization Changes.[157],2015-03-23
"March 23, 2015",SLG,SL Green Realty,NBR,Nabors Industries,Market Capitalization Changes.,2015-03-23
"March 23, 2015",HBI,Hanesbrands,AVP,Avon Products,Market Capitalization Changes.,2015-03-23
"March 18, 2015",HSIC,Henry Schein,CFN,Carefusion,Carefusion acquired by Becton Dickinson[158],2015-03-18
"March 12, 2015",SWKS,Skyworks,PETM,PetSmart,PetSmart acquired by private equity consortium[159],2015-03-12
"January 27, 2015",HCA,HCA Holdings,SWY,Safeway,Safeway acquired by private equity consortium[160],2015-01-27
"January 27, 2015",ENDP,Endo International,COV,Covidien,Covidien acquired by Medtronic[161],2015-01-27
"December 5, 2014",RCL,Royal Caribbean Cruises,BMS,Bemis Company,Market cap changes[162],2014-12-05
"November 5, 2014",LVLT,Level 3 Communications,JBL,Jabil Circuit,Market cap changes[163],2014-11-05
"September 20, 2014",URI,United Rentals,BTU,Peabody Energy,Market cap changes[164],2014-09-20
"September 20, 2014",UHS,Universal Health Services,GHC,Graham Holdings,Market cap changes,2014-09-20
"August 18, 2014",MNK,Mallinckrodt,RDC,Rowan Companies,Market cap changes[165],2014-08-18
"August 6, 2014",DISCK,Discovery Communications,,,Class C share distribution[166],2014-08-06
"July 2, 2014",MLM,Martin Marietta,X,United States Steel,Market capitalization changes[167],2014-07-02
"July 1, 2014",AMG,Affiliated Managers Group,FRX,Forest Laboratories,Actavis acquires Forest Laboratories[168],2014-07-01
"June 20, 2014",XEC,Cimarex Energy,IGT,International Game Technology,Market capitalization changes[169],2014-06-20
"May 8, 2014",AVGO,Avago Technologies,LSI,LSI Corporation,Avago acquires LSI[170],2014-05-08
"May 1, 2014",UA,Under Armour,BEAM,Suntory Global Spirits,Beam acquired by Suntory[171],2014-05-01
"May 1, 2014",NAVI,Navient,SLM,SLM Corporation,Navient Spun off from SLM[171],2014-05-01
"April 3, 2014",GOOGL,Google,,,Google Class C share distribution[172],2014-04-03
"April 2, 2014",ESS,Essex Property Trust,CLF,Cliffs Natural Resources,Market capitalization changes[173],2014-04-02
"March 21, 2014",GMCR,Keurig Green Mountain,WPX,WPX Energy,Market capitalization changes[174],2014-03-21
"January 24, 2014",TSCO,Tractor Supply,LIFE,Life Technologies,Life Technologies acquired by Thermo Fisher Scientific Inc[175],2014-01-24
"December 23, 2013",ADS,Alliance Data Systems,ANF,Abercrombie & Fitch,Market capitalization changes.[176],2013-12-23
"December 23, 2013",MHK,Mohawk Industries,JDSU,JDS Uniphase,Market capitalization changes.[176],2013-12-23
"December 23, 2013",FB,Facebook,TER,Teradyne,Market capitalization changes.[176],2013-12-23
"December 10, 2013",GGP,General Growth Properties,MOLX,Molex,MOLX acquired by Koch Industries.[177],2013-12-10
"December 2, 2013",ALLE,Allegion,JCP,JCPenney,Allegion spun off by Ingersoll Rand.[178],2013-12-02
"November 13, 2013",KORS,Michael Kors,NYX,NYSE Euronext,ICE Exchange acquired NYSE Euronext.[179],2013-11-13
"October 29, 2013",RIG,Transocean,DELL,Dell,Founder Michael Dell and Silver Lake Partners acquired Dell.[180],2013-10-29
"September 20, 2013",VRTX,Vertex Pharmaceuticals,AMD,Advanced Micro Devices,Market capitalization change.[181],2013-09-20
"September 20, 2013",AME,Ametek,SAI,SAIC,Market capitalization change.[181],2013-09-20
"September 10, 2013",DAL,Delta Air Lines,BMC,BMC Software,BMC taken private by consortium[182],2013-09-10
"July 8, 2013",NLSN,Nielsen Holdings,S,Sprint Nextel,Softbank consortium purchase results in public float below 50%[183],2013-07-08
"July 1, 2013",NWSA,21st Century Fox,APOL,Apollo Education Group,Apollo Group's market cap more representative of a mid-cap[184],2013-07-01
"June 21, 2013",ZTS,Zoetis,FHN,First Horizon,Zoetis spun off by Pfizer[185],2013-06-21
"June 6, 2013",GM,General Motors,HNZ,Heinz,HNZ acquired by consortium[186],2013-06-06
"May 23, 2013",KSU,Kansas City Southern,DF,Dean Foods,DF too small after spinoff of White Wave Foods[187],2013-05-23
"May 8, 2013",MAC,Macerich,CVH,Coventry Health Care,Acquired by Aetna (AET)[188],2013-05-08
"April 30, 2013",REGN,Regeneron Pharmaceuticals,PCS,MetroPCS,A majority of MetroPCS was acquired by T-Mobile[189],2013-04-30
"February 15, 2013",PVH,PVH,BIG,Big Lots,Market capitalization changes[190],2013-02-15
"January 2, 2013",ABBV,AbbVie,FII,Federated Investors,ABBV spun off from Abbott Labs (ABT)[191],2013-01-02
"December 21, 2012",DLPH,Delphi Automotive,TIE,Titanium Metals,TIE acquired by Precision Cast Parts (PCP)[192],2012-12-21
"December 11, 2012",GRMN,Garmin,RRD,RR Donnelley,Market capitalization changes[193],2012-12-11
"December 3, 2012",DG,Dollar General,CBE,Cooper Industries,Acquired by Eaton Corp. (ETN)[194],2012-12-03
"October 10, 2012",PETM,PetSmart,SUN,Sunoco,Acquired by Energy Transfer Partners (ETP)[195],2012-10-10
"October 2, 2012",KRFT,Kraft Foods,ANR,Alpha Natural Resources,Kraft split into two companies[196],2012-10-02
"October 1, 2012",ADT,ADT,LXK,Lexmark,Tyco spun off ADT,2012-10-01
"October 1, 2012",PNR,Pentair,DV,DeVry,Tyco spin-off merged w/Pentair,2012-10-01
"September 5, 2012",LYB,LyondellBasell,SHLD,Sears Holdings,SHLD below public float threshold,2012-09-05
"July 31, 2012",ESV,Ensco,GR,Goodrich Corporation,Goodrich acquired by United Technologies (UTX).[197],2012-07-31
"July 2, 2012",STX,Seagate Technology,PGN,Progress Energy,Acquired by Duke Energy (DUK)[198],2012-07-02
"June 29, 2012",MNST,Monster Beverage,SLE,Sara Lee Corporation,Split up of Sara Lee[199],2012-06-29
"June 5, 2012",LRCX,Lam Research,NVLS,Novellus Systems,Acquired by Lam Research (LRCX)[200],2012-06-05
"May 21, 2012",ALXN,Alexion Pharmaceuticals,MMI,Motorola Mobility,Acquired by Google (GOOG)[201],2012-05-21
"May 17, 2012",KMI,Kinder Morgan,EP,El Paso Corporation,Acquired by Kinder Morgan (KMI)[202],2012-05-17
"April 23, 2012",PSX,Phillips 66,SVU,Supervalu,ConocoPhillips spun off Phillips 66[203],2012-04-23
"April 3, 2012",FOSL,Fossil,MHS,Medco Health Solutions,Acquired by Express Scripts (ESRX)[204],2012-04-03
"March 13, 2012",CCI,Crown Castle,CEG,Constellation Energy Group,Acquired by Exelon Corp. (EXC)[205],2012-03-13
"December 31, 2011",WPX,WPX Energy,CPWR,Compuware,Market capitalization changes[206],2011-12-31
"December 20, 2011",TRIP,TripAdvisor,TLAB,Tellabs,Expedia spun off TripAdvisor.[207],2011-12-20
"December 16, 2011",BWA,BorgWarner,AKS,AK Steel,Market capitalization changes[208],2011-12-16
"December 16, 2011",PRGO,Perrigo,MWW,Monster Worldwide,Market capitalization changes,2011-12-16
"December 16, 2011",DLTR,Dollar Tree,WFR,MEMC Electronic Materials,Market capitalization changes,2011-12-16
"December 12, 2011",GAS,AGL Resources.,GAS,Nicor Gas,"Nicor acquired by AGL, which retained the GAS ticker.[209]",2011-12-12
"November 18, 2011",CBE,Cooper Industries,JNS,Janus Capital Group,Janus Capital Group's market capitalization is less than $1.2 billion,2011-11-18
,,,,,and is no longer representative of the large cap market space.[210],
"October 31, 2011",XYL,Xylem,ITT,ITT,Spun off from ITT Corp.[211],2011-10-31
"October 14, 2011",TEL,TE Connectivity,CEPH,Cephalon,Acquired by Teva Pharmaceutical Industries (TEVA).[212],2011-10-14
"September 23, 2011",MOS,The Mosaic Company,NSM,National Semiconductor,Acquired by Texas Instruments (TXN).[213],2011-09-23
"July 5, 2011",ACN,Accenture,MI,Marshall & Ilsley,Marshall & Iisley is being bought by Bank of Montreal[214],2011-07-05
"June 30, 2011",MPC,Marathon Oil,RSH,RadioShack,Market capitalization adjustments.[215],2011-06-30
"June 1, 2011",ANR,Alpha Natural Resources,MEE,Massey Energy,Alpha Natural Resources acquired Massey Energy.[216],2011-06-01
"April 27, 2011",CMG,Chipotle Mexican Grill,NOVL,Novell,Acquired by private equity firms.[217],2011-04-27
"April 1, 2011",BLK,BlackRock,GENZ,Genzyme,Acquired by Sanofi Aventis (SNY)[218],2011-04-01
"March 31, 2011",EW,Edwards Lifesciences,Q,Qwest Communications,Acquired by CenturyLink[219],2011-03-31
"February 28, 2011",COV,Covidien,MFE,McAfee,Acquired by Intel[220],2011-02-28
"February 25, 2011",JOYG,Joy Global,AYE,Allegheny Energy,Acquired by First Energy (FE).[221],2011-02-25
"December 17, 2010",CVC,Cablevision,KG,King Pharmaceuticals,Acquired by Pfizer.[222],2010-12-17
"December 17, 2010",FFIV,F5 Networks,EK,Eastman Kodak,Market Cap changes.[222],2010-12-17
"December 17, 2010",NFLX,Netflix,ODP,Office Depot,Market Cap changes.,2010-12-17
"December 17, 2010",NFX,Newfield Exploration,NYT,The New York Times Company,Market Cap changes.,2010-12-17
"November 17, 2010",IR,Ingersoll-Rand,PTV,Pactiv,Reynolds Group Holdings acquired Pactiv.[223],2010-11-17
"August 26, 2010",TYC,Tyco International,SII,Smith International,Acquired by Schlumberger (SLB)[224],2010-08-26
"July 14, 2010",CB,Chubb,MIL,Millipore,Acquired by Merck KGaA (MKGAY)[225],2010-07-14
"June 30, 2010",QEP,QEP Resources,STR,Questar,"Company split. QEP retained, but ticker changed.[226]",2010-06-30
"June 28, 2010",KMX,CarMax,XTO,XTO Energy,Acquired by ExxonMobil[227],2010-06-28
"April 29, 2010",CERN,Cerner,BJS,BJ Services,Acquired by Baker Hughes[228],2010-04-29
"February 26, 2010",HP,Helmerich & Payne,RX,IMS Health,Taken private,2010-02-26
"December 18, 2009",V,Visa,CIEN,Ciena,Market capitalization change.[229],2009-12-18
"December 18, 2009",MJN,Mead Johnson Nutrition,DYN,Dynegy,Market capitalization change.[229],2009-12-18
"December 18, 2009",CLF,Cliffs Natural Resources,KBH,KB Home,Market capitalization change.[229],2009-12-18
"December 18, 2009",SAI,SAIC,CVG,Convergys,Market capitalization change.[229],2009-12-18
"December 18, 2009",ROST,Ross Stores,MBI,MBIA,Market capitalization change.[229],2009-12-18
"November 3, 2009",PCLN,Priceline.com,SGP,Schering-Plough,Acquired by Merck & Co. (MRK)[230],2009-11-03
"September 28, 2009",ARG,Airgas,CBE,Cooper Industries,Redomesticated to Ireland[231],2009-09-28
"August 19, 2009",FMC,FMC Corporation,CTX,Centex Corp.,Centex acquired by Pulte Homes.[232],2009-08-19
"June 29, 2009",PCS,MetroPCS,,,PCS replaced TEL.[233],2009-06-29
"June 25, 2009",,,TEL,TE Connectivity,"Tyco Electronics left the index because it was reincorporating in Switzerland, making it ineligible for inclusion.[233]",2009-06-25
"June 5, 2009",FTI,FMC Technologies,COV,Covidien,"Covidien moved its place of incorporation to Ireland, making it ineligible for inclusion in the index.[234]",2009-06-05
"March 3, 2009",HRL,Hormel Foods,ACAS,American Capital,Capitalization rebalance.[235],2009-03-03
"March 3, 2009",VTR,Ventas,JNY,Jones Apparel Group,Capitalization rebalance.,2009-03-03
"December 31, 2008",OI,Owens-Illinois,WB,Wachovia Bank,Wachovia Bank acquired by Wells Fargo.[236],2008-12-31
"September 16, 2008",HRS,Harris Corporation,LEH,Lehman Brothers,Lehman Brothers filed for bankruptcy.[237],2008-09-16
"September 12, 2008",CRM,Salesforce,FRE,Freddie Mac,Capitalization rebalance.[238],2008-09-12
"September 12, 2008",FAST,Fastenal,FNM,Fannie Mae,Capitalization rebalance.[238],2008-09-12
"July 1, 2008",AKS,AK Steel,CFC,Countrywide Financial Corp,Ak Steel replaced Countrywide Financial.[239],2008-07-01
"June 23, 2008",COG,Cabot Oil & Gas,BC,Brunswick,Market capitalization change.[240],2008-06-23
"June 23, 2008",MEE,Massey Energy,OMX,OfficeMax,Market capitalization change.[240],2008-06-23
"June 10, 2008",LO,Lorillard Tobacco Company,ABK,Ambac Financial,Market Value Decline[241],2008-06-10
"December 20, 2007",RRC,Range Resources,TRB,Tribune Media,Taken private[242],2007-12-20
"December 13, 2007",GME,GameStop,DJ,Dow Jones,Acquired by News Corporation,2007-12-13
"October 26, 2007",JEC,Jacobs Engineering Group,AV,Avaya,Taken private[243],2007-10-26
"October 2, 2007",EXPE,Expedia,SLR,Solectron,Solectron acquired by Flextronics.[244],2007-10-02
"October 1, 2007",TDC,Teradata,NCR,NCR Corporation,Teradata spun off by NCR Corporation.[244],2007-10-01
"September 27, 2007",TSO,Tesoro Corporation,MXIM,Maxim Integrated Products,MXIM delisted from NASDAQ exchange.[244],2007-09-27
"September 26, 2007",ICE,Intercontinental Exchange,FDC,First Data,FDC acquired by KKR.[244],2007-09-26
"August 24, 2007",LUK,Leucadia National,KSE,KeySpan,Acquired by National Grid plc[245],2007-08-24
"July 2, 2007",DFS,Discover Financial Services,ADCT,ADC Telecommunications,Discover Financial Services debuts on New York Stock Exchange.[246],2007-07-02
"March 30, 2007",KFT,Kraft Foods,TSG,Sabre Corporation,Taken Private[247],2007-03-30
"January 10, 2007",AVB,AvalonBay Communities,SBL,Symbol Technologies,Acquired by Motorola[248],2007-01-10
"June 2, 2006",JNPR,Juniper Networks,ABS,Albertsons,Albertsons acquired by SuperValu and CVS Corp.[249],2006-06-02
"November 18, 2005",AMZN,Amazon,T,AT&T Corporation,AT&T Corp. acquired by SBC Communications[250],2005-11-18
"July 1, 2005",STZ,Constellation Brands,GLK,Great Lakes Chemical,Acquired by Crompton Corp.,2005-07-01
"September 25, 2003",ESRX,Express Scripts,QTRN,Quintiles Transnational,Taken private,2003-09-25
"December 5, 2000",INTU,Intuit,BS,Bethlehem Steel,Market Cap changes.[251],2000-12-05
"December 5, 2000",SBL,Symbol Technologies,OI,Owens-Illinois,Market Cap changes.,2000-12-05
"December 5, 2000",AYE,Allegheny Energy,GRA,WR Grace,Market Cap changes.,2000-12-05
"December 5, 2000",ABK,Ambac Financial,CCK,Crown Holdings,Market Cap changes.,2000-12-05
"July 27, 2000",JDSU,JDS Uniphase,RAD,RiteAid,Market Cap change.[252],2000-07-27
"June 12, 2000",CVG,Convergys,TMC,Times Mirror,Tribune Co. acquired Times Mirror.[253],2000-06-12
"June 7, 2000",SBUX,Starbucks,SMS,Shared Medical Systems,Siemens AG acquired Shared Medical Systems.[253],2000-06-07
"December 8, 1999",YHOO,Yahoo!,LDW,Laidlaw,Market capitalization change.[254],1999-12-08
"June 9, 1999",WLP,Wellpoint,HPH,Harnischfeger Industries,Harnischfeger filed for bankruptcy.[255],1999-06-09
"December 11, 1998",FSR,Firstar,AN,Amoco,BP purchased Amoco.[256],1998-12-11
"December 11, 1998",CCL,Carnival Corp.,GRN,General Re,Berkshire Hathaway purchased General Re.[256],1998-12-11
"December 11, 1998",CPWR,Compuware,SUN,SunAmerica,AIG purchased SunAmerica.[256],1998-12-11
"June 17, 1997",CCI,Countrywide Credit Industries,USL,USLife,AIG acquired USLife.[257],1997-06-17
